Effect,Linked Effects,Primary,Secondary,Tertiary
Spell Copying,Spell Copying (https://app.notion.com/p/Spell-Copying-385f1559c99b81f08685e841d467d944?pvs=21),"Blue (https://app.notion.com/p/Blue-385f1559c99b81ad8f01d3f8ad7be42e?pvs=21), Red (https://app.notion.com/p/Red-385f1559c99b81ad809afb2dead490e9?pvs=21)",,
Sacrifice a permanent,Sacrifice a permanent (https://app.notion.com/p/Sacrifice-a-permanent-385f1559c99b81ba8f87f036188d08b4?pvs=21),Red (https://app.notion.com/p/Red-385f1559c99b81ad809afb2dead490e9?pvs=21),Black (https://app.notion.com/p/Black-385f1559c99b81159969d6f2ba866779?pvs=21),
Untaps itself,Untaps itself (https://app.notion.com/p/Untaps-itself-385f1559c99b81219013ef985d882784?pvs=21),Blue (https://app.notion.com/p/Blue-385f1559c99b81ad8f01d3f8ad7be42e?pvs=21),White (https://app.notion.com/p/White-385f1559c99b814186a1e434ab788b13?pvs=21),
Trample,"Trample — Grant, permanent (https://app.notion.com/p/Trample-Grant-permanent-386f1559c99b81be8788c132bc644e2c?pvs=21), Trample — Grant, temporary (https://app.notion.com/p/Trample-Grant-temporary-386f1559c99b81629dd5f565d9470849?pvs=21), Trample — Remove, permanent (https://app.notion.com/p/Trample-Remove-permanent-386f1559c99b81c39f43c21969633b34?pvs=21), Trample — Remove, temporary (https://app.notion.com/p/Trample-Remove-temporary-386f1559c99b8182bc81d1e6c6b4bf88?pvs=21), Trample — Has, permanent (https://app.notion.com/p/Trample-Has-permanent-385f1559c99b816ba062f5533bae489c?pvs=21)",Green (https://app.notion.com/p/Green-385f1559c99b81ad8180d89fdd7dc9cf?pvs=21),Red (https://app.notion.com/p/Red-385f1559c99b81ad809afb2dead490e9?pvs=21),"White (https://app.notion.com/p/White-385f1559c99b814186a1e434ab788b13?pvs=21), Blue (https://app.notion.com/p/Blue-385f1559c99b81ad8f01d3f8ad7be42e?pvs=21), Black (https://app.notion.com/p/Black-385f1559c99b81159969d6f2ba866779?pvs=21)"
"""Tutor"" for an enchantment","""Tutor"" for an enchantment (https://app.notion.com/p/Tutor-for-an-enchantment-385f1559c99b81bd8192c28857f221cb?pvs=21)",White (https://app.notion.com/p/White-385f1559c99b814186a1e434ab788b13?pvs=21),,
Tapping creatures,"Tapping creatures — One-shot (https://app.notion.com/p/Tapping-creatures-One-shot-385f1559c99b819fbb90d89be8477549?pvs=21), Tapping creatures — Ongoing tap-down (https://app.notion.com/p/Tapping-creatures-Ongoing-tap-down-386f1559c99b81cc968addf447344a52?pvs=21)",White (https://app.notion.com/p/White-385f1559c99b814186a1e434ab788b13?pvs=21),Blue (https://app.notion.com/p/Blue-385f1559c99b81ad8f01d3f8ad7be42e?pvs=21),
Sacrifice a creature,Sacrifice a creature (https://app.notion.com/p/Sacrifice-a-creature-385f1559c99b8127ad98d5cb40a3508d?pvs=21),"Black (https://app.notion.com/p/Black-385f1559c99b81159969d6f2ba866779?pvs=21), Red (https://app.notion.com/p/Red-385f1559c99b81ad809afb2dead490e9?pvs=21)",,
"""Tutor"" for a land","""Tutor"" for a land (https://app.notion.com/p/Tutor-for-a-land-385f1559c99b81eaba90fc573bd13133?pvs=21)",Green (https://app.notion.com/p/Green-385f1559c99b81ad8180d89fdd7dc9cf?pvs=21),,"White (https://app.notion.com/p/White-385f1559c99b814186a1e434ab788b13?pvs=21), Blue (https://app.notion.com/p/Blue-385f1559c99b81ad8f01d3f8ad7be42e?pvs=21), Black (https://app.notion.com/p/Black-385f1559c99b81159969d6f2ba866779?pvs=21), Red (https://app.notion.com/p/Red-385f1559c99b81ad809afb2dead490e9?pvs=21)"
"""Wheeling""","""Wheeling"" (https://app.notion.com/p/Wheeling-385f1559c99b81deb464c5a151e222b6?pvs=21)",Red (https://app.notion.com/p/Red-385f1559c99b81ad809afb2dead490e9?pvs=21),,
Stalking,Stalking (https://app.notion.com/p/Stalking-385f1559c99b81ccba24e47c15e6b1bc?pvs=21),Green (https://app.notion.com/p/Green-385f1559c99b81ad8180d89fdd7dc9cf?pvs=21),,
"""Time Walk""","""Time Walk"" (https://app.notion.com/p/Time-Walk-385f1559c99b81eb9b63db0abf8ed5f3?pvs=21)",Blue (https://app.notion.com/p/Blue-385f1559c99b81ad8f01d3f8ad7be42e?pvs=21),,Red (https://app.notion.com/p/Red-385f1559c99b81ad809afb2dead490e9?pvs=21)
Super Trample,Super Trample (https://app.notion.com/p/Super-Trample-385f1559c99b81ebb7a0c940ed9b4725?pvs=21),Green (https://app.notion.com/p/Green-385f1559c99b81ad8180d89fdd7dc9cf?pvs=21),,
"Stealing Permanents, Permanently","Stealing Permanents, Permanently (https://app.notion.com/p/Stealing-Permanents-Permanently-385f1559c99b81ed85cec2f1abc535ca?pvs=21)",Blue (https://app.notion.com/p/Blue-385f1559c99b81ad8f01d3f8ad7be42e?pvs=21),,Black (https://app.notion.com/p/Black-385f1559c99b81159969d6f2ba866779?pvs=21)
"""Tutor"" for an artifact","""Tutor"" for an artifact (https://app.notion.com/p/Tutor-for-an-artifact-385f1559c99b810faf2ffea0b16f973d?pvs=21)",Blue (https://app.notion.com/p/Blue-385f1559c99b81ad8f01d3f8ad7be42e?pvs=21),White (https://app.notion.com/p/White-385f1559c99b814186a1e434ab788b13?pvs=21),
Spell Redirection,Spell Redirection (https://app.notion.com/p/Spell-Redirection-385f1559c99b81cab391e78b35cce620?pvs=21),"Blue (https://app.notion.com/p/Blue-385f1559c99b81ad8f01d3f8ad7be42e?pvs=21), Red (https://app.notion.com/p/Red-385f1559c99b81ad809afb2dead490e9?pvs=21)",,
Taxing,Taxing (https://app.notion.com/p/Taxing-385f1559c99b8180a16de9853cf26318?pvs=21),White (https://app.notion.com/p/White-385f1559c99b814186a1e434ab788b13?pvs=21),Blue (https://app.notion.com/p/Blue-385f1559c99b81ad8f01d3f8ad7be42e?pvs=21),
"Stealing Permanents, Temporarily","Stealing Permanents, Temporarily (https://app.notion.com/p/Stealing-Permanents-Temporarily-385f1559c99b81e189e0e97a2d22dacc?pvs=21)",Red (https://app.notion.com/p/Red-385f1559c99b81ad809afb2dead490e9?pvs=21),,
Treasure creation,Treasure creation (https://app.notion.com/p/Treasure-creation-385f1559c99b8113a589e08a2b08618b?pvs=21),Red (https://app.notion.com/p/Red-385f1559c99b81ad809afb2dead490e9?pvs=21),"Black (https://app.notion.com/p/Black-385f1559c99b81159969d6f2ba866779?pvs=21), Green (https://app.notion.com/p/Green-385f1559c99b81ad8180d89fdd7dc9cf?pvs=21)",Blue (https://app.notion.com/p/Blue-385f1559c99b81ad8f01d3f8ad7be42e?pvs=21)
Sacrifice an artifact,Sacrifice an artifact (https://app.notion.com/p/Sacrifice-an-artifact-385f1559c99b818a82dad0df5dbbe6e9?pvs=21),"Black (https://app.notion.com/p/Black-385f1559c99b81159969d6f2ba866779?pvs=21), Red (https://app.notion.com/p/Red-385f1559c99b81ad809afb2dead490e9?pvs=21)",,
Specter Ability,Specter Ability (https://app.notion.com/p/Specter-Ability-385f1559c99b8140a5c4c98f5454d59d?pvs=21),Black (https://app.notion.com/p/Black-385f1559c99b81159969d6f2ba866779?pvs=21),,
Vigilance,"Vigilance — Grant, permanent (https://app.notion.com/p/Vigilance-Grant-permanent-386f1559c99b814d90ddc6cfe9eb8b5d?pvs=21), Vigilance — Grant, temporary (https://app.notion.com/p/Vigilance-Grant-temporary-386f1559c99b817bb705e312506f52e3?pvs=21), Vigilance — Remove, permanent (https://app.notion.com/p/Vigilance-Remove-permanent-386f1559c99b81bbae34cb3eb4c56eee?pvs=21), Vigilance — Remove, temporary (https://app.notion.com/p/Vigilance-Remove-temporary-386f1559c99b81169280e9973958d125?pvs=21), Vigilance — Has, permanent (https://app.notion.com/p/Vigilance-Has-permanent-385f1559c99b81218b60d9033dc2cf49?pvs=21)",White (https://app.notion.com/p/White-385f1559c99b814186a1e434ab788b13?pvs=21),"Blue (https://app.notion.com/p/Blue-385f1559c99b81ad8f01d3f8ad7be42e?pvs=21), Green (https://app.notion.com/p/Green-385f1559c99b81ad8180d89fdd7dc9cf?pvs=21)",
"""Tutor"" for a planeswalker","""Tutor"" for a planeswalker (https://app.notion.com/p/Tutor-for-a-planeswalker-385f1559c99b81959741d957e6a6ba5e?pvs=21)",White (https://app.notion.com/p/White-385f1559c99b814186a1e434ab788b13?pvs=21),,
Sengir Ability,Sengir Ability (https://app.notion.com/p/Sengir-Ability-385f1559c99b811aa632fd67f88e0e72?pvs=21),Black (https://app.notion.com/p/Black-385f1559c99b81159969d6f2ba866779?pvs=21),,
Untapping lands,Untapping lands (https://app.notion.com/p/Untapping-lands-385f1559c99b81f79bc7c6e095ec592c?pvs=21),Green (https://app.notion.com/p/Green-385f1559c99b81ad8180d89fdd7dc9cf?pvs=21),,Blue (https://app.notion.com/p/Blue-385f1559c99b81ad8f01d3f8ad7be42e?pvs=21)
"""Tutor"" for a creature","""Tutor"" for a creature (https://app.notion.com/p/Tutor-for-a-creature-385f1559c99b81289278d9b3439aeb62?pvs=21)",Green (https://app.notion.com/p/Green-385f1559c99b81ad8180d89fdd7dc9cf?pvs=21),"White (https://app.notion.com/p/White-385f1559c99b814186a1e434ab788b13?pvs=21), Blue (https://app.notion.com/p/Blue-385f1559c99b81ad8f01d3f8ad7be42e?pvs=21), Black (https://app.notion.com/p/Black-385f1559c99b81159969d6f2ba866779?pvs=21), Red (https://app.notion.com/p/Red-385f1559c99b81ad809afb2dead490e9?pvs=21)",
Switch Power/Toughness,Switch Power/Toughness (https://app.notion.com/p/Switch-Power-Toughness-385f1559c99b816781f6cef73e729bb9?pvs=21),Blue (https://app.notion.com/p/Blue-385f1559c99b81ad8f01d3f8ad7be42e?pvs=21),Red (https://app.notion.com/p/Red-385f1559c99b81ad809afb2dead490e9?pvs=21),
"""Tutor"" from top N cards of library","""Tutor"" from top N cards of library (https://app.notion.com/p/Tutor-from-top-N-cards-of-library-385f1559c99b81efa376e53eccdc291b?pvs=21)",,,
"""Twiddle""","""Twiddle"" (https://app.notion.com/p/Twiddle-385f1559c99b81419120e2acd5b05580?pvs=21)",Blue (https://app.notion.com/p/Blue-385f1559c99b81ad8f01d3f8ad7be42e?pvs=21),,
Sacrifice a land,Sacrifice a land (https://app.notion.com/p/Sacrifice-a-land-385f1559c99b81ea8543c7769e988877?pvs=21),Red (https://app.notion.com/p/Red-385f1559c99b81ad809afb2dead490e9?pvs=21),,
"""Warlord""","""Warlord"" (https://app.notion.com/p/Warlord-385f1559c99b81daa8cdf4ea2ab06b28?pvs=21)",White (https://app.notion.com/p/White-385f1559c99b814186a1e434ab788b13?pvs=21),Green (https://app.notion.com/p/Green-385f1559c99b81ad8180d89fdd7dc9cf?pvs=21),
"""Transformation""","""Transformation"" (https://app.notion.com/p/Transformation-385f1559c99b81a0823fca9b285302a1?pvs=21)",Blue (https://app.notion.com/p/Blue-385f1559c99b81ad8f01d3f8ad7be42e?pvs=21),,
Sacrifice an enchantment,Sacrifice an enchantment (https://app.notion.com/p/Sacrifice-an-enchantment-385f1559c99b81f0be03f6ee8db24888?pvs=21),"Red (https://app.notion.com/p/Red-385f1559c99b81ad809afb2dead490e9?pvs=21), Green (https://app.notion.com/p/Green-385f1559c99b81ad8180d89fdd7dc9cf?pvs=21)",,
Ward (for mana),"Ward (for mana) — Grant, permanent (https://app.notion.com/p/Ward-for-mana-Grant-permanent-386f1559c99b811f93fcd5ecf193bfc9?pvs=21), Ward (for mana) — Grant, temporary (https://app.notion.com/p/Ward-for-mana-Grant-temporary-386f1559c99b8149bf6dc89658f7c971?pvs=21), Ward (for mana) — Remove, permanent (https://app.notion.com/p/Ward-for-mana-Remove-permanent-386f1559c99b811c8348c045c8a023c9?pvs=21), Ward (for mana) — Remove, temporary (https://app.notion.com/p/Ward-for-mana-Remove-temporary-386f1559c99b81a8a8cced8a02c27497?pvs=21), Ward (for mana) — Has, permanent (https://app.notion.com/p/Ward-for-mana-Has-permanent-385f1559c99b81198870fdf76e81de9a?pvs=21)","White (https://app.notion.com/p/White-385f1559c99b814186a1e434ab788b13?pvs=21), Blue (https://app.notion.com/p/Blue-385f1559c99b81ad8f01d3f8ad7be42e?pvs=21), Green (https://app.notion.com/p/Green-385f1559c99b81ad8180d89fdd7dc9cf?pvs=21)",,
"""Torment"" ability","""Torment"" ability (https://app.notion.com/p/Torment-ability-385f1559c99b81e0990fd1ac0e0afa6e?pvs=21)",Black (https://app.notion.com/p/Black-385f1559c99b81159969d6f2ba866779?pvs=21),,
Scry,Scry (https://app.notion.com/p/Scry-385f1559c99b816380a2c5cdf6932888?pvs=21),Blue (https://app.notion.com/p/Blue-385f1559c99b81ad8f01d3f8ad7be42e?pvs=21),"White (https://app.notion.com/p/White-385f1559c99b814186a1e434ab788b13?pvs=21), Black (https://app.notion.com/p/Black-385f1559c99b81159969d6f2ba866779?pvs=21), Red (https://app.notion.com/p/Red-385f1559c99b81ad809afb2dead490e9?pvs=21), Green (https://app.notion.com/p/Green-385f1559c99b81ad8180d89fdd7dc9cf?pvs=21)",
Untapping creatures,Untapping creatures (https://app.notion.com/p/Untapping-creatures-385f1559c99b812e9500f16e98abe47c?pvs=21),"Green (https://app.notion.com/p/Green-385f1559c99b81ad8180d89fdd7dc9cf?pvs=21), Blue (https://app.notion.com/p/Blue-385f1559c99b81ad8f01d3f8ad7be42e?pvs=21)",White (https://app.notion.com/p/White-385f1559c99b814186a1e434ab788b13?pvs=21),
"""Tutor"" for any card","""Tutor"" for any card (https://app.notion.com/p/Tutor-for-any-card-385f1559c99b81ccb04acb2e6a43fe10?pvs=21)",Black (https://app.notion.com/p/Black-385f1559c99b81159969d6f2ba866779?pvs=21),,
Ward (for life),"Ward (for life) — Grant, permanent (https://app.notion.com/p/Ward-for-life-Grant-permanent-386f1559c99b8136a2cef1af3253e27f?pvs=21), Ward (for life) — Grant, temporary (https://app.notion.com/p/Ward-for-life-Grant-temporary-386f1559c99b8112a263e11d5e6a95c9?pvs=21), Ward (for life) — Remove, permanent (https://app.notion.com/p/Ward-for-life-Remove-permanent-386f1559c99b81ac8975e43959c3410d?pvs=21), Ward (for life) — Remove, temporary (https://app.notion.com/p/Ward-for-life-Remove-temporary-386f1559c99b81918158e3486e2be45f?pvs=21), Ward (for life) — Has, permanent (https://app.notion.com/p/Ward-for-life-Has-permanent-385f1559c99b815c8a29d4d3bb4b8db0?pvs=21)","Black (https://app.notion.com/p/Black-385f1559c99b81159969d6f2ba866779?pvs=21), Red (https://app.notion.com/p/Red-385f1559c99b81ad809afb2dead490e9?pvs=21)",,
Variable Creature,Variable Creature (https://app.notion.com/p/Variable-Creature-385f1559c99b81348c04c47c6e4e4ff3?pvs=21),Green (https://app.notion.com/p/Green-385f1559c99b81ad8180d89fdd7dc9cf?pvs=21),,"Black (https://app.notion.com/p/Black-385f1559c99b81159969d6f2ba866779?pvs=21), Red (https://app.notion.com/p/Red-385f1559c99b81ad809afb2dead490e9?pvs=21)"
Token generation,"Token generation — One-shot (https://app.notion.com/p/Token-generation-One-shot-385f1559c99b8163bbedefae4a2f1bd7?pvs=21), Token generation — Ongoing (https://app.notion.com/p/Token-generation-Ongoing-386f1559c99b81fba99bdc0881ee0e7b?pvs=21)","White (https://app.notion.com/p/White-385f1559c99b814186a1e434ab788b13?pvs=21), Green (https://app.notion.com/p/Green-385f1559c99b81ad8180d89fdd7dc9cf?pvs=21)","Blue (https://app.notion.com/p/Blue-385f1559c99b81ad8f01d3f8ad7be42e?pvs=21), Black (https://app.notion.com/p/Black-385f1559c99b81159969d6f2ba866779?pvs=21), Red (https://app.notion.com/p/Red-385f1559c99b81ad809afb2dead490e9?pvs=21)",
"""Tutor"" for an instant or sorcery","""Tutor"" for an instant or sorcery (https://app.notion.com/p/Tutor-for-an-instant-or-sorcery-385f1559c99b81a6abaceb316faa0c5e?pvs=21)",Blue (https://app.notion.com/p/Blue-385f1559c99b81ad8f01d3f8ad7be42e?pvs=21),Red (https://app.notion.com/p/Red-385f1559c99b81ad809afb2dead490e9?pvs=21),
Restocking,Restocking (https://app.notion.com/p/Restocking-385f1559c99b81f38455ccd06879d4c3?pvs=21),"Green (https://app.notion.com/p/Green-385f1559c99b81ad8180d89fdd7dc9cf?pvs=21), Blue (https://app.notion.com/p/Blue-385f1559c99b81ad8f01d3f8ad7be42e?pvs=21)",,
Reanimation,"Reanimation — Your graveyard (https://app.notion.com/p/Reanimation-Your-graveyard-385f1559c99b8111a41af17a4656fd5d?pvs=21), Reanimation — Any graveyard (https://app.notion.com/p/Reanimation-Any-graveyard-386f1559c99b813f8b8cd6f66c4cfbb8?pvs=21)","White (https://app.notion.com/p/White-385f1559c99b814186a1e434ab788b13?pvs=21), Black (https://app.notion.com/p/Black-385f1559c99b81159969d6f2ba866779?pvs=21)","Red (https://app.notion.com/p/Red-385f1559c99b81ad809afb2dead490e9?pvs=21), Green (https://app.notion.com/p/Green-385f1559c99b81ad8180d89fdd7dc9cf?pvs=21)",
Return from Graveyard to Hand — land,Return from Graveyard to Hand — land (https://app.notion.com/p/Return-from-Graveyard-to-Hand-land-385f1559c99b810584f5ef0749ebe835?pvs=21),Green (https://app.notion.com/p/Green-385f1559c99b81ad8180d89fdd7dc9cf?pvs=21),,
Punisher effects,Punisher effects (https://app.notion.com/p/Punisher-effects-385f1559c99b81b2be62c4c160bb3989?pvs=21),Red (https://app.notion.com/p/Red-385f1559c99b81ad809afb2dead490e9?pvs=21),Black (https://app.notion.com/p/Black-385f1559c99b81159969d6f2ba866779?pvs=21),
Planeswalker destruction,Planeswalker destruction (https://app.notion.com/p/Planeswalker-destruction-385f1559c99b81178f06e3d0e5b2db83?pvs=21),Black (https://app.notion.com/p/Black-385f1559c99b81159969d6f2ba866779?pvs=21),,Green (https://app.notion.com/p/Green-385f1559c99b81ad8180d89fdd7dc9cf?pvs=21)
Reach,"Reach — Grant, permanent (https://app.notion.com/p/Reach-Grant-permanent-386f1559c99b815fb2b1ce9b898d7b4d?pvs=21), Reach — Grant, temporary (https://app.notion.com/p/Reach-Grant-temporary-386f1559c99b816bbb1ddc6533dc012d?pvs=21), Reach — Remove, permanent (https://app.notion.com/p/Reach-Remove-permanent-386f1559c99b81d39d73d0810b7b1cf1?pvs=21), Reach — Remove, temporary (https://app.notion.com/p/Reach-Remove-temporary-386f1559c99b81959f93e0126913d735?pvs=21), Reach — Has, permanent (https://app.notion.com/p/Reach-Has-permanent-385f1559c99b81709563c49ae21d14db?pvs=21)",Green (https://app.notion.com/p/Green-385f1559c99b81ad8180d89fdd7dc9cf?pvs=21),Red (https://app.notion.com/p/Red-385f1559c99b81ad809afb2dead490e9?pvs=21),White (https://app.notion.com/p/White-385f1559c99b814186a1e434ab788b13?pvs=21)
"""Reanimate"" Permanent","""Reanimate"" Permanent (https://app.notion.com/p/Reanimate-Permanent-385f1559c99b81009e99fee478e8ab5e?pvs=21)",White (https://app.notion.com/p/White-385f1559c99b814186a1e434ab788b13?pvs=21),,
Preventing actions,Preventing actions (https://app.notion.com/p/Preventing-actions-385f1559c99b81cd87c7e17456752295?pvs=21),White (https://app.notion.com/p/White-385f1559c99b814186a1e434ab788b13?pvs=21),,
Rummaging,Rummaging (https://app.notion.com/p/Rummaging-385f1559c99b81c783e3ec919454d97b?pvs=21),Red (https://app.notion.com/p/Red-385f1559c99b81ad809afb2dead490e9?pvs=21),,
Rewards for Death,Rewards for Death (https://app.notion.com/p/Rewards-for-Death-385f1559c99b81d2bc11e5a5bd5fad58?pvs=21),Black (https://app.notion.com/p/Black-385f1559c99b81159969d6f2ba866779?pvs=21),White (https://app.notion.com/p/White-385f1559c99b814186a1e434ab788b13?pvs=21),Red (https://app.notion.com/p/Red-385f1559c99b81ad809afb2dead490e9?pvs=21)
Return from Graveyard to Hand — any card,Return from Graveyard to Hand — any card (https://app.notion.com/p/Return-from-Graveyard-to-Hand-any-card-385f1559c99b810b859ce7804176df7b?pvs=21),Green (https://app.notion.com/p/Green-385f1559c99b81ad8180d89fdd7dc9cf?pvs=21),,
Return from Graveyard to Hand — artifact,Return from Graveyard to Hand — artifact (https://app.notion.com/p/Return-from-Graveyard-to-Hand-artifact-385f1559c99b816f8edfcdd672b2ff54?pvs=21),White (https://app.notion.com/p/White-385f1559c99b814186a1e434ab788b13?pvs=21),,
Return from Graveyard to Hand — enchantment,Return from Graveyard to Hand — enchantment (https://app.notion.com/p/Return-from-Graveyard-to-Hand-enchantment-385f1559c99b818cb93bc3cf4089b62a?pvs=21),White (https://app.notion.com/p/White-385f1559c99b814186a1e434ab788b13?pvs=21),,
Polymorph,Polymorph (https://app.notion.com/p/Polymorph-385f1559c99b81c2879eea41224b1cfb?pvs=21),Red (https://app.notion.com/p/Red-385f1559c99b81ad809afb2dead490e9?pvs=21),Blue (https://app.notion.com/p/Blue-385f1559c99b81ad8f01d3f8ad7be42e?pvs=21),
Pacifism-like effect,"Pacifism-like effect — Can't attack or block (https://app.notion.com/p/Pacifism-like-effect-Can-t-attack-or-block-385f1559c99b81efa421cab8fd98c31f?pvs=21), Pacifism-like effect — Can't attack only (https://app.notion.com/p/Pacifism-like-effect-Can-t-attack-only-386f1559c99b81bb8092ddfa1075d037?pvs=21)",White (https://app.notion.com/p/White-385f1559c99b814186a1e434ab788b13?pvs=21),,
Protection,"Protection from Green — Grant, permanent (https://app.notion.com/p/Protection-from-Green-Grant-permanent-386f1559c99b819bbc58d441b3efbce5?pvs=21), Protection from Green — Grant, temporary (https://app.notion.com/p/Protection-from-Green-Grant-temporary-386f1559c99b8166b692caea357b0004?pvs=21), Protection from Green — Has, permanent (https://app.notion.com/p/Protection-from-Green-Has-permanent-386f1559c99b814fbd10ddefb5486ff8?pvs=21), Protection from Green — Remove, permanent (https://app.notion.com/p/Protection-from-Green-Remove-permanent-386f1559c99b81688731c6a907361c37?pvs=21), Protection from Everything — Remove, permanent (https://app.notion.com/p/Protection-from-Everything-Remove-permanent-386f1559c99b8182bd94e40bde1285bd?pvs=21), Protection from Everything — Remove, temporary (https://app.notion.com/p/Protection-from-Everything-Remove-temporary-386f1559c99b8177b2c1f77d6dba3e27?pvs=21), Protection from Multicolored — Grant, permanent (https://app.notion.com/p/Protection-from-Multicolored-Grant-permanent-386f1559c99b819fa3e6c359e8ae49bb?pvs=21), Protection from Multicolored — Has, permanent (https://app.notion.com/p/Protection-from-Multicolored-Has-permanent-386f1559c99b815380d0d76f313b26ed?pvs=21), Protection from Multicolored — Remove, permanent (https://app.notion.com/p/Protection-from-Multicolored-Remove-permanent-386f1559c99b81d899cee45d6e169124?pvs=21), Protection from Monocolored — Grant, permanent (https://app.notion.com/p/Protection-from-Monocolored-Grant-permanent-386f1559c99b81baa427e2a0b9b5af70?pvs=21), Protection from Monocolored — Remove, permanent (https://app.notion.com/p/Protection-from-Monocolored-Remove-permanent-386f1559c99b816e9d5bc9e8c8bbb690?pvs=21), Protection from Monocolored — Remove, temporary (https://app.notion.com/p/Protection-from-Monocolored-Remove-temporary-386f1559c99b81bfa717ca8fd22e987b?pvs=21), Protection from Artifacts — Grant, permanent (https://app.notion.com/p/Protection-from-Artifacts-Grant-permanent-386f1559c99b8186b67be33e05c080e1?pvs=21), Protection from Artifacts — Grant, temporary (https://app.notion.com/p/Protection-from-Artifacts-Grant-temporary-386f1559c99b817f8b94fb64a40ce71b?pvs=21), Protection from Artifacts — Remove, permanent (https://app.notion.com/p/Protection-from-Artifacts-Remove-permanent-386f1559c99b81d0b9d8d222fd09cc40?pvs=21), Protection from Artifacts — Remove, temporary (https://app.notion.com/p/Protection-from-Artifacts-Remove-temporary-386f1559c99b81a7bf7ce09935c5fa1f?pvs=21), Protection from Colorless — Grant, permanent (https://app.notion.com/p/Protection-from-Colorless-Grant-permanent-386f1559c99b81c2b73de4cf3d1e4513?pvs=21), Protection from Colorless — Grant, temporary (https://app.notion.com/p/Protection-from-Colorless-Grant-temporary-386f1559c99b8151a919c5ac1639a714?pvs=21), Protection from Colorless — Has, permanent (https://app.notion.com/p/Protection-from-Colorless-Has-permanent-386f1559c99b81a99632fd7d3d1d9a9f?pvs=21), Protection from Colorless — Remove, permanent (https://app.notion.com/p/Protection-from-Colorless-Remove-permanent-386f1559c99b81a09fbce8962f80acca?pvs=21), Protection from Colorless — Remove, temporary (https://app.notion.com/p/Protection-from-Colorless-Remove-temporary-386f1559c99b81a79accfac73ee8c33d?pvs=21), Protection from White — Grant, permanent (https://app.notion.com/p/Protection-from-White-Grant-permanent-386f1559c99b814abe34da8f47a902ea?pvs=21), Protection from White — Grant, temporary (https://app.notion.com/p/Protection-from-White-Grant-temporary-386f1559c99b8172b93bfb5fe76ccfab?pvs=21), Protection from White — Has, permanent (https://app.notion.com/p/Protection-from-White-Has-permanent-386f1559c99b81ff9d68cca0c3f00db3?pvs=21), Protection from White — Remove, permanent (https://app.notion.com/p/Protection-from-White-Remove-permanent-386f1559c99b8197a585d0dd0e7950f7?pvs=21), Protection from Blue — Grant, permanent (https://app.notion.com/p/Protection-from-Blue-Grant-permanent-386f1559c99b81c280a9fdc1f6402444?pvs=21), Protection from Blue — Grant, temporary (https://app.notion.com/p/Protection-from-Blue-Grant-temporary-386f1559c99b81509c6dcad47628ea6e?pvs=21), Protection from Blue — Has, permanent (https://app.notion.com/p/Protection-from-Blue-Has-permanent-386f1559c99b8156bc61c234227b5b43?pvs=21), Protection from Blue — Remove, permanent (https://app.notion.com/p/Protection-from-Blue-Remove-permanent-386f1559c99b819ea163e7e3eaaab9d4?pvs=21), Protection from Blue — Remove, temporary (https://app.notion.com/p/Protection-from-Blue-Remove-temporary-386f1559c99b81c69067ca025e706601?pvs=21), Protection from Black — Grant, permanent (https://app.notion.com/p/Protection-from-Black-Grant-permanent-386f1559c99b81d79d5fd5b1c713eb31?pvs=21), Protection from Black — Grant, temporary (https://app.notion.com/p/Protection-from-Black-Grant-temporary-386f1559c99b81e18c7ff96c674d01cd?pvs=21), Protection from Black — Has, permanent (https://app.notion.com/p/Protection-from-Black-Has-permanent-386f1559c99b81e68bc1eba4de49e49e?pvs=21), Protection from Black — Remove, permanent (https://app.notion.com/p/Protection-from-Black-Remove-permanent-386f1559c99b81ab857affb7e213c35f?pvs=21), Protection from Black — Remove, temporary (https://app.notion.com/p/Protection-from-Black-Remove-temporary-386f1559c99b818ebf6ad324e361c794?pvs=21), Protection from Red — Grant, permanent (https://app.notion.com/p/Protection-from-Red-Grant-permanent-386f1559c99b81768b7dd07b45ac82dc?pvs=21), Protection from Red — Grant, temporary (https://app.notion.com/p/Protection-from-Red-Grant-temporary-386f1559c99b81a687fdf842b32fdffb?pvs=21), Protection from Red — Has, permanent (https://app.notion.com/p/Protection-from-Red-Has-permanent-386f1559c99b817290aed1c57334de74?pvs=21), Protection from Red — Remove, temporary (https://app.notion.com/p/Protection-from-Red-Remove-temporary-386f1559c99b815d9624e7fb4571aa66?pvs=21)",White (https://app.notion.com/p/White-385f1559c99b814186a1e434ab788b13?pvs=21),,"Blue (https://app.notion.com/p/Blue-385f1559c99b81ad8f01d3f8ad7be42e?pvs=21), Black (https://app.notion.com/p/Black-385f1559c99b81159969d6f2ba866779?pvs=21), Red (https://app.notion.com/p/Red-385f1559c99b81ad809afb2dead490e9?pvs=21), Green (https://app.notion.com/p/Green-385f1559c99b81ad8180d89fdd7dc9cf?pvs=21)"
Removing Counters,Removing Counters (https://app.notion.com/p/Removing-Counters-385f1559c99b8121b43de3260f834b5c?pvs=21),Black (https://app.notion.com/p/Black-385f1559c99b81159969d6f2ba866779?pvs=21),,
Rules Setting,Rules Setting (https://app.notion.com/p/Rules-Setting-385f1559c99b816e8728d8462aeb0622?pvs=21),White (https://app.notion.com/p/White-385f1559c99b814186a1e434ab788b13?pvs=21),"Blue (https://app.notion.com/p/Blue-385f1559c99b81ad8f01d3f8ad7be42e?pvs=21), Black (https://app.notion.com/p/Black-385f1559c99b81159969d6f2ba866779?pvs=21), Red (https://app.notion.com/p/Red-385f1559c99b81ad809afb2dead490e9?pvs=21), Green (https://app.notion.com/p/Green-385f1559c99b81ad8180d89fdd7dc9cf?pvs=21)",
Playing cards off top of opponent's library,Playing cards off top of opponent's library (https://app.notion.com/p/Playing-cards-off-top-of-opponent-s-library-385f1559c99b811c88f3fdd3119a9909?pvs=21),"Blue (https://app.notion.com/p/Blue-385f1559c99b81ad8f01d3f8ad7be42e?pvs=21), Black (https://app.notion.com/p/Black-385f1559c99b81159969d6f2ba866779?pvs=21)",Red (https://app.notion.com/p/Red-385f1559c99b81ad809afb2dead490e9?pvs=21),
Return to Hand,Return to Hand (https://app.notion.com/p/Return-to-Hand-385f1559c99b81a38984c9d16ab541a7?pvs=21),Blue (https://app.notion.com/p/Blue-385f1559c99b81ad8f01d3f8ad7be42e?pvs=21),White (https://app.notion.com/p/White-385f1559c99b814186a1e434ab788b13?pvs=21),Green (https://app.notion.com/p/Green-385f1559c99b81ad8180d89fdd7dc9cf?pvs=21)
Return from Graveyard to Hand — creature,Return from Graveyard to Hand — creature (https://app.notion.com/p/Return-from-Graveyard-to-Hand-creature-385f1559c99b812e9ea5f0707f82a60d?pvs=21),Black (https://app.notion.com/p/Black-385f1559c99b81159969d6f2ba866779?pvs=21),White (https://app.notion.com/p/White-385f1559c99b814186a1e434ab788b13?pvs=21),
Return from Graveyard to Hand — sorcery,Return from Graveyard to Hand — sorcery (https://app.notion.com/p/Return-from-Graveyard-to-Hand-sorcery-385f1559c99b81749ef3dd2998d8b4ee?pvs=21),Blue (https://app.notion.com/p/Blue-385f1559c99b81ad8f01d3f8ad7be42e?pvs=21),Red (https://app.notion.com/p/Red-385f1559c99b81ad809afb2dead490e9?pvs=21),
Prowess,"Prowess — Grant, permanent (https://app.notion.com/p/Prowess-Grant-permanent-386f1559c99b81b4950ed8269c33a872?pvs=21), Prowess — Grant, temporary (https://app.notion.com/p/Prowess-Grant-temporary-386f1559c99b8141b7ceded3ffe5b236?pvs=21), Prowess — Remove, permanent (https://app.notion.com/p/Prowess-Remove-permanent-386f1559c99b81799ac9f785d68e0bf6?pvs=21), Prowess — Remove, temporary (https://app.notion.com/p/Prowess-Remove-temporary-386f1559c99b81b69465dffc0371029d?pvs=21), Prowess — Has, permanent (https://app.notion.com/p/Prowess-Has-permanent-385f1559c99b81dbaa97cc2dd4d6fdbd?pvs=21)",Blue (https://app.notion.com/p/Blue-385f1559c99b81ad8f01d3f8ad7be42e?pvs=21),Red (https://app.notion.com/p/Red-385f1559c99b81ad809afb2dead490e9?pvs=21),White (https://app.notion.com/p/White-385f1559c99b814186a1e434ab788b13?pvs=21)
Panic,Panic (https://app.notion.com/p/Panic-385f1559c99b81408c22e071eb5db93b?pvs=21),Red (https://app.notion.com/p/Red-385f1559c99b81ad809afb2dead490e9?pvs=21),,
"Playing cards off top of library, for free","Playing cards off top of library, for free (https://app.notion.com/p/Playing-cards-off-top-of-library-for-free-385f1559c99b81948e8beacc01a42d50?pvs=21)",Red (https://app.notion.com/p/Red-385f1559c99b81ad809afb2dead490e9?pvs=21),,
Return to Library,,Blue (https://app.notion.com/p/Blue-385f1559c99b81ad8f01d3f8ad7be42e?pvs=21),,
"Playing cards off top of your library, paying mana cost","Playing cards off top of your library, paying mana cost (https://app.notion.com/p/Playing-cards-off-top-of-your-library-paying-mana-cost-385f1559c99b81b9ad87f6395e2cec77?pvs=21)",,"White (https://app.notion.com/p/White-385f1559c99b814186a1e434ab788b13?pvs=21), Blue (https://app.notion.com/p/Blue-385f1559c99b81ad8f01d3f8ad7be42e?pvs=21), Black (https://app.notion.com/p/Black-385f1559c99b81159969d6f2ba866779?pvs=21), Red (https://app.notion.com/p/Red-385f1559c99b81ad809afb2dead490e9?pvs=21), Green (https://app.notion.com/p/Green-385f1559c99b81ad8180d89fdd7dc9cf?pvs=21)",
Return from Graveyard to Hand — instant,Return from Graveyard to Hand — instant (https://app.notion.com/p/Return-from-Graveyard-to-Hand-instant-385f1559c99b81f5a5c6cca08e3b4825?pvs=21),Blue (https://app.notion.com/p/Blue-385f1559c99b81ad8f01d3f8ad7be42e?pvs=21),Red (https://app.notion.com/p/Red-385f1559c99b81ad809afb2dead490e9?pvs=21),
Indestructible,"Indestructible — Grant, permanent (https://app.notion.com/p/Indestructible-Grant-permanent-386f1559c99b811ab898d9d7a42bab0e?pvs=21), Indestructible — Grant, temporary (https://app.notion.com/p/Indestructible-Grant-temporary-386f1559c99b81ca9dd8ea5ae5bc18fa?pvs=21), Indestructible — Remove, permanent (https://app.notion.com/p/Indestructible-Remove-permanent-386f1559c99b81f3b908fa42b229bbcc?pvs=21), Indestructible — Remove, temporary (https://app.notion.com/p/Indestructible-Remove-temporary-386f1559c99b81af8853ca4d73515f72?pvs=21), Indestructible — Has, permanent (https://app.notion.com/p/Indestructible-Has-permanent-385f1559c99b81aaa759ec71bd8395fd?pvs=21)",White (https://app.notion.com/p/White-385f1559c99b814186a1e434ab788b13?pvs=21),"Black (https://app.notion.com/p/Black-385f1559c99b81159969d6f2ba866779?pvs=21), Green (https://app.notion.com/p/Green-385f1559c99b81ad8180d89fdd7dc9cf?pvs=21)","Blue (https://app.notion.com/p/Blue-385f1559c99b81ad8f01d3f8ad7be42e?pvs=21), Red (https://app.notion.com/p/Red-385f1559c99b81ad809afb2dead490e9?pvs=21)"
Lifelink,"Lifelink — Grant, permanent (https://app.notion.com/p/Lifelink-Grant-permanent-386f1559c99b8131b11dfb6d40daec2f?pvs=21), Lifelink — Grant, temporary (https://app.notion.com/p/Lifelink-Grant-temporary-386f1559c99b8159a048eca9e025a37d?pvs=21), Lifelink — Remove, permanent (https://app.notion.com/p/Lifelink-Remove-permanent-386f1559c99b8169b327dc294cc3a9f8?pvs=21), Lifelink — Remove, temporary (https://app.notion.com/p/Lifelink-Remove-temporary-386f1559c99b81fc99fcd5e3413c1089?pvs=21), Lifelink — Has, permanent (https://app.notion.com/p/Lifelink-Has-permanent-385f1559c99b815f85f8e3104e5e48da?pvs=21)","White (https://app.notion.com/p/White-385f1559c99b814186a1e434ab788b13?pvs=21), Black (https://app.notion.com/p/Black-385f1559c99b81159969d6f2ba866779?pvs=21)",,
Life loss as a cost,Life loss as a cost (https://app.notion.com/p/Life-loss-as-a-cost-385f1559c99b81f78da8f0215165f64a?pvs=21),Black (https://app.notion.com/p/Black-385f1559c99b81159969d6f2ba866779?pvs=21),,"White (https://app.notion.com/p/White-385f1559c99b814186a1e434ab788b13?pvs=21), Blue (https://app.notion.com/p/Blue-385f1559c99b81ad8f01d3f8ad7be42e?pvs=21), Red (https://app.notion.com/p/Red-385f1559c99b81ad809afb2dead490e9?pvs=21), Green (https://app.notion.com/p/Green-385f1559c99b81ad8180d89fdd7dc9cf?pvs=21)"
"""Maro"" ability","""Maro"" ability (https://app.notion.com/p/Maro-ability-385f1559c99b8191bdd2d98f3c8bd0fe?pvs=21)",Blue (https://app.notion.com/p/Blue-385f1559c99b81ad8f01d3f8ad7be42e?pvs=21),Green (https://app.notion.com/p/Green-385f1559c99b81ad8180d89fdd7dc9cf?pvs=21),
"""Lure,"" limited","""Lure,"" limited (https://app.notion.com/p/Lure-limited-385f1559c99b812383cfe5bdf0a1ea43?pvs=21)",Green (https://app.notion.com/p/Green-385f1559c99b81ad8180d89fdd7dc9cf?pvs=21),Red (https://app.notion.com/p/Red-385f1559c99b81ad809afb2dead490e9?pvs=21),
"""Impulsive draw""","""Impulsive draw"" (https://app.notion.com/p/Impulsive-draw-385f1559c99b81c583cbf41b9db33bff?pvs=21)",Red (https://app.notion.com/p/Red-385f1559c99b81ad809afb2dead490e9?pvs=21),,
Instant and/or sorcery triggers,Instant and/or sorcery triggers (https://app.notion.com/p/Instant-and-or-sorcery-triggers-385f1559c99b81fe8f11e99af31354ce?pvs=21),"Blue (https://app.notion.com/p/Blue-385f1559c99b81ad8f01d3f8ad7be42e?pvs=21), Red (https://app.notion.com/p/Red-385f1559c99b81ad809afb2dead490e9?pvs=21)",,
Life gain,"Life gain — One-shot (https://app.notion.com/p/Life-gain-One-shot-385f1559c99b8190b8fcd4c7cb321f13?pvs=21), Life gain — Ongoing/engine (https://app.notion.com/p/Life-gain-Ongoing-engine-386f1559c99b81cd9609d470de93d21c?pvs=21)","White (https://app.notion.com/p/White-385f1559c99b814186a1e434ab788b13?pvs=21), Green (https://app.notion.com/p/Green-385f1559c99b81ad8180d89fdd7dc9cf?pvs=21)",Black (https://app.notion.com/p/Black-385f1559c99b81159969d6f2ba866779?pvs=21),
"Mana production, temporary","Mana production, temporary (https://app.notion.com/p/Mana-production-temporary-385f1559c99b81278722d84dd73da666?pvs=21)",Red (https://app.notion.com/p/Red-385f1559c99b81ad809afb2dead490e9?pvs=21),Black (https://app.notion.com/p/Black-385f1559c99b81159969d6f2ba866779?pvs=21),
"Mana production, permanent","Mana production, permanent (https://app.notion.com/p/Mana-production-permanent-385f1559c99b81648294ef890ca0660d?pvs=21)",Green (https://app.notion.com/p/Green-385f1559c99b81ad8180d89fdd7dc9cf?pvs=21),Blue (https://app.notion.com/p/Blue-385f1559c99b81ad8f01d3f8ad7be42e?pvs=21),Black (https://app.notion.com/p/Black-385f1559c99b81159969d6f2ba866779?pvs=21)
"""Lockdown""","""Lockdown"" (https://app.notion.com/p/Lockdown-385f1559c99b81f89269c89cfc16973f?pvs=21)",Blue (https://app.notion.com/p/Blue-385f1559c99b81ad8f01d3f8ad7be42e?pvs=21),,
Life loss as an effect,"Life loss as an effect — Single target (https://app.notion.com/p/Life-loss-as-an-effect-Single-target-385f1559c99b815290e3d4f40b9f85e4?pvs=21), Life loss as an effect — Each opponent (https://app.notion.com/p/Life-loss-as-an-effect-Each-opponent-386f1559c99b811783b2c0c6fc14f45e?pvs=21)",Black (https://app.notion.com/p/Black-385f1559c99b81159969d6f2ba866779?pvs=21),,
Looking at opponent's hand,Looking at opponent's hand (https://app.notion.com/p/Looking-at-opponent-s-hand-385f1559c99b816cb6bcddbcb67453b2?pvs=21),Blue (https://app.notion.com/p/Blue-385f1559c99b81ad8f01d3f8ad7be42e?pvs=21),Black (https://app.notion.com/p/Black-385f1559c99b81159969d6f2ba866779?pvs=21),
"""Meddling""","""Meddling"" (https://app.notion.com/p/Meddling-385f1559c99b8180bfe2f6f2b3a5ba84?pvs=21)",White (https://app.notion.com/p/White-385f1559c99b814186a1e434ab788b13?pvs=21),,
"""Manipulate time""","""Manipulate time"" (https://app.notion.com/p/Manipulate-time-385f1559c99b81a9bf45eb85b4f422ee?pvs=21)",Blue (https://app.notion.com/p/Blue-385f1559c99b81ad8f01d3f8ad7be42e?pvs=21),,Red (https://app.notion.com/p/Red-385f1559c99b81ad809afb2dead490e9?pvs=21)
"""Illusion ability""","""Illusion ability"" (https://app.notion.com/p/Illusion-ability-385f1559c99b8126b558c54a888a7a44?pvs=21)",Blue (https://app.notion.com/p/Blue-385f1559c99b81ad8f01d3f8ad7be42e?pvs=21),,
Moving enchantments/counters,Moving enchantments/counters (https://app.notion.com/p/Moving-enchantments-counters-385f1559c99b81a58d85d56c00f9f5b4?pvs=21),Blue (https://app.notion.com/p/Blue-385f1559c99b81ad8f01d3f8ad7be42e?pvs=21),,
Milling,"Milling — Opponent (https://app.notion.com/p/Milling-Opponent-385f1559c99b812f853eead6ac8f6590?pvs=21), Milling — Self (https://app.notion.com/p/Milling-Self-386f1559c99b812fa855dd31e8cf8f09?pvs=21)",Blue (https://app.notion.com/p/Blue-385f1559c99b81ad8f01d3f8ad7be42e?pvs=21),Black (https://app.notion.com/p/Black-385f1559c99b81159969d6f2ba866779?pvs=21),
Land destruction,"Land destruction — Single target (https://app.notion.com/p/Land-destruction-Single-target-385f1559c99b81aea2fbe3b0673c9725?pvs=21), Land destruction — Mass (https://app.notion.com/p/Land-destruction-Mass-386f1559c99b8194a80eeae66e4ed6de?pvs=21)",Red (https://app.notion.com/p/Red-385f1559c99b81ad809afb2dead490e9?pvs=21),,"Black (https://app.notion.com/p/Black-385f1559c99b81159969d6f2ba866779?pvs=21), Green (https://app.notion.com/p/Green-385f1559c99b81ad8180d89fdd7dc9cf?pvs=21)"
Increasing counters and/or tokens,Increasing counters and/or tokens (https://app.notion.com/p/Increasing-counters-and-or-tokens-385f1559c99b8119ac72e555fff855b9?pvs=21),"Blue (https://app.notion.com/p/Blue-385f1559c99b81ad8f01d3f8ad7be42e?pvs=21), Green (https://app.notion.com/p/Green-385f1559c99b81ad8180d89fdd7dc9cf?pvs=21)",White (https://app.notion.com/p/White-385f1559c99b814186a1e434ab788b13?pvs=21),
Menace,"Menace — Grant, permanent (https://app.notion.com/p/Menace-Grant-permanent-386f1559c99b8151aaa5e42f327a5714?pvs=21), Menace — Grant, temporary (https://app.notion.com/p/Menace-Grant-temporary-386f1559c99b81538960cd0603654b33?pvs=21), Menace — Remove, permanent (https://app.notion.com/p/Menace-Remove-permanent-386f1559c99b81ed9a21c0a963f452c6?pvs=21), Menace — Remove, temporary (https://app.notion.com/p/Menace-Remove-temporary-386f1559c99b81e69e19d9d8cffeeac9?pvs=21), Menace — Has, permanent (https://app.notion.com/p/Menace-Has-permanent-385f1559c99b8100ae67edd44b453f67?pvs=21)","Black (https://app.notion.com/p/Black-385f1559c99b81159969d6f2ba866779?pvs=21), Red (https://app.notion.com/p/Red-385f1559c99b81ad809afb2dead490e9?pvs=21)",,
Must attack,Must attack (https://app.notion.com/p/Must-attack-385f1559c99b81d78cfadf532bfbfc0f?pvs=21),Red (https://app.notion.com/p/Red-385f1559c99b81ad809afb2dead490e9?pvs=21),,
"""Looting""","""Looting"" (https://app.notion.com/p/Looting-385f1559c99b81499a4bc22596e3122c?pvs=21)",Blue (https://app.notion.com/p/Blue-385f1559c99b81ad8f01d3f8ad7be42e?pvs=21),,
"""Lure""",,Green (https://app.notion.com/p/Green-385f1559c99b81ad8180d89fdd7dc9cf?pvs=21),,
"""Lobotomy""","""Lobotomy"" (https://app.notion.com/p/Lobotomy-385f1559c99b81daa40fcd6dcf82f9d3?pvs=21)",Black (https://app.notion.com/p/Black-385f1559c99b81159969d6f2ba866779?pvs=21),,
"""Lhurgoyf""","""Lhurgoyf"" (https://app.notion.com/p/Lhurgoyf-385f1559c99b81e58fd2d0440268696c?pvs=21)",Green (https://app.notion.com/p/Green-385f1559c99b81ad8180d89fdd7dc9cf?pvs=21),Black (https://app.notion.com/p/Black-385f1559c99b81159969d6f2ba866779?pvs=21),"White (https://app.notion.com/p/White-385f1559c99b814186a1e434ab788b13?pvs=21), Blue (https://app.notion.com/p/Blue-385f1559c99b81ad8f01d3f8ad7be42e?pvs=21), Red (https://app.notion.com/p/Red-385f1559c99b81ad809afb2dead490e9?pvs=21)"
"""Enchantress"" ability","""Enchantress"" ability (https://app.notion.com/p/Enchantress-ability-385f1559c99b81f290aff999b7a45e89?pvs=21)","White (https://app.notion.com/p/White-385f1559c99b814186a1e434ab788b13?pvs=21), Green (https://app.notion.com/p/Green-385f1559c99b81ad8180d89fdd7dc9cf?pvs=21)",,
Exiling cards from graveyard,Exiling cards from graveyard (https://app.notion.com/p/Exiling-cards-from-graveyard-385f1559c99b81b89852e14ea32075d9?pvs=21),Black (https://app.notion.com/p/Black-385f1559c99b81159969d6f2ba866779?pvs=21),"White (https://app.notion.com/p/White-385f1559c99b814186a1e434ab788b13?pvs=21), Green (https://app.notion.com/p/Green-385f1559c99b81ad8180d89fdd7dc9cf?pvs=21)",
"""Flicker""","""Flicker"" (https://app.notion.com/p/Flicker-385f1559c99b811f9b76cfcfcdc431ce?pvs=21)","White (https://app.notion.com/p/White-385f1559c99b814186a1e434ab788b13?pvs=21), Blue (https://app.notion.com/p/Blue-385f1559c99b81ad8f01d3f8ad7be42e?pvs=21)",,
First strike,"First strike — Grant, permanent (https://app.notion.com/p/First-strike-Grant-permanent-386f1559c99b81c68415d40d77ce4563?pvs=21), First strike — Grant, temporary (https://app.notion.com/p/First-strike-Grant-temporary-386f1559c99b813c8703d9aff0eb6945?pvs=21), First strike — Remove, permanent (https://app.notion.com/p/First-strike-Remove-permanent-386f1559c99b81cfa83ed684e4b21bd0?pvs=21), First strike — Remove, temporary (https://app.notion.com/p/First-strike-Remove-temporary-386f1559c99b8199afcee1b70a8b7ea1?pvs=21), First strike — Has, permanent (https://app.notion.com/p/First-strike-Has-permanent-385f1559c99b81d28b60d8a4ee1ee665?pvs=21)","White (https://app.notion.com/p/White-385f1559c99b814186a1e434ab788b13?pvs=21), Red (https://app.notion.com/p/Red-385f1559c99b81ad809afb2dead490e9?pvs=21)",,Black (https://app.notion.com/p/Black-385f1559c99b81159969d6f2ba866779?pvs=21)
Fight,Fight (symmetric) (https://app.notion.com/p/Fight-symmetric-385f1559c99b817fbcd2d004775027f7?pvs=21),Green (https://app.notion.com/p/Green-385f1559c99b81ad8180d89fdd7dc9cf?pvs=21),Red (https://app.notion.com/p/Red-385f1559c99b81ad809afb2dead490e9?pvs=21),
Flying,"Flying — Grant, permanent (https://app.notion.com/p/Flying-Grant-permanent-386f1559c99b81e5b8acdfa7308daa1f?pvs=21), Flying — Grant, temporary (https://app.notion.com/p/Flying-Grant-temporary-386f1559c99b81379e71c3942e05efb2?pvs=21), Flying — Remove, permanent (https://app.notion.com/p/Flying-Remove-permanent-386f1559c99b817495e8de40a7b16a2f?pvs=21), Flying — Remove, temporary (https://app.notion.com/p/Flying-Remove-temporary-386f1559c99b81ca9c86d2f29f619701?pvs=21), Flying — Has, permanent (https://app.notion.com/p/Flying-Has-permanent-385f1559c99b81929ac6e7242b646146?pvs=21)","White (https://app.notion.com/p/White-385f1559c99b814186a1e434ab788b13?pvs=21), Blue (https://app.notion.com/p/Blue-385f1559c99b81ad8f01d3f8ad7be42e?pvs=21)","Black (https://app.notion.com/p/Black-385f1559c99b81159969d6f2ba866779?pvs=21), Red (https://app.notion.com/p/Red-385f1559c99b81ad809afb2dead490e9?pvs=21)",Green (https://app.notion.com/p/Green-385f1559c99b81ad8180d89fdd7dc9cf?pvs=21)
Gain control of target player's turn,Gain control of target player's turn (https://app.notion.com/p/Gain-control-of-target-player-s-turn-385f1559c99b81349322fa162b612ada?pvs=21),"Black (https://app.notion.com/p/Black-385f1559c99b81159969d6f2ba866779?pvs=21), Colorless (https://app.notion.com/p/Colorless-385f1559c99b811ead5fea102e2598e7?pvs=21)",,
Friendly to a card type,Friendly to a card type (https://app.notion.com/p/Friendly-to-a-card-type-385f1559c99b81d991a1e4f31ac33a99?pvs=21),"White (https://app.notion.com/p/White-385f1559c99b814186a1e434ab788b13?pvs=21), Blue (https://app.notion.com/p/Blue-385f1559c99b81ad8f01d3f8ad7be42e?pvs=21), Green (https://app.notion.com/p/Green-385f1559c99b81ad8180d89fdd7dc9cf?pvs=21)",Red (https://app.notion.com/p/Red-385f1559c99b81ad809afb2dead490e9?pvs=21),Black (https://app.notion.com/p/Black-385f1559c99b81159969d6f2ba866779?pvs=21)
Enchantment destruction,Enchantment destruction (https://app.notion.com/p/Enchantment-destruction-385f1559c99b8129a81acbad08bbcb07?pvs=21),"White (https://app.notion.com/p/White-385f1559c99b814186a1e434ab788b13?pvs=21), Green (https://app.notion.com/p/Green-385f1559c99b81ad8180d89fdd7dc9cf?pvs=21)",Black (https://app.notion.com/p/Black-385f1559c99b81159969d6f2ba866779?pvs=21),
Forced block,Forced block (https://app.notion.com/p/Forced-block-385f1559c99b818dbf54e592c7a50256?pvs=21),Green (https://app.notion.com/p/Green-385f1559c99b81ad8180d89fdd7dc9cf?pvs=21),Red (https://app.notion.com/p/Red-385f1559c99b81ad809afb2dead490e9?pvs=21),
"""Freeze"" creature","""Freeze"" creature (https://app.notion.com/p/Freeze-creature-385f1559c99b81bc8036dbc8c854626e?pvs=21)",Blue (https://app.notion.com/p/Blue-385f1559c99b81ad8f01d3f8ad7be42e?pvs=21),,
Friendly to other qualities,Friendly to other qualities (https://app.notion.com/p/Friendly-to-other-qualities-385f1559c99b8197a25bc995605fd725?pvs=21),White (https://app.notion.com/p/White-385f1559c99b814186a1e434ab788b13?pvs=21),,
Forced attack,Forced attack (https://app.notion.com/p/Forced-attack-385f1559c99b81368dcde92d234bde1a?pvs=21),Red (https://app.notion.com/p/Red-385f1559c99b81ad809afb2dead490e9?pvs=21),Blue (https://app.notion.com/p/Blue-385f1559c99b81ad8f01d3f8ad7be42e?pvs=21),
"""Gaseous Form""","""Gaseous Form"" (https://app.notion.com/p/Gaseous-Form-385f1559c99b81cba752c22dab4f8d3a?pvs=21)",White (https://app.notion.com/p/White-385f1559c99b814186a1e434ab788b13?pvs=21),Blue (https://app.notion.com/p/Blue-385f1559c99b81ad8f01d3f8ad7be42e?pvs=21),
"""Fog""",,Green (https://app.notion.com/p/Green-385f1559c99b81ad8180d89fdd7dc9cf?pvs=21),,White (https://app.notion.com/p/White-385f1559c99b814186a1e434ab788b13?pvs=21)
Extra attack,Extra attack (https://app.notion.com/p/Extra-attack-385f1559c99b81a29676ef1918f0cc05?pvs=21),Red (https://app.notion.com/p/Red-385f1559c99b81ad809afb2dead490e9?pvs=21),,White (https://app.notion.com/p/White-385f1559c99b814186a1e434ab788b13?pvs=21)
Flash,"Flash — Grant, permanent (https://app.notion.com/p/Flash-Grant-permanent-386f1559c99b81fea4acd03cd85b8469?pvs=21), Flash — Grant, temporary (https://app.notion.com/p/Flash-Grant-temporary-386f1559c99b81af9edbe4b36b8cffc4?pvs=21), Flash — Remove, permanent (https://app.notion.com/p/Flash-Remove-permanent-386f1559c99b81f581abf9123cb19ab2?pvs=21), Flash — Remove, temporary (https://app.notion.com/p/Flash-Remove-temporary-386f1559c99b8178bfaee9ff92431802?pvs=21), Flash — Has, permanent (https://app.notion.com/p/Flash-Has-permanent-385f1559c99b81949847cb8bc831b5cf?pvs=21)",Blue (https://app.notion.com/p/Blue-385f1559c99b81ad8f01d3f8ad7be42e?pvs=21),"White (https://app.notion.com/p/White-385f1559c99b814186a1e434ab788b13?pvs=21), Black (https://app.notion.com/p/Black-385f1559c99b81159969d6f2ba866779?pvs=21), Green (https://app.notion.com/p/Green-385f1559c99b81ad8180d89fdd7dc9cf?pvs=21)",Red (https://app.notion.com/p/Red-385f1559c99b81ad809afb2dead490e9?pvs=21)
Forced sacrifice,Forced sacrifice (https://app.notion.com/p/Forced-sacrifice-385f1559c99b816fa4a4dad5cce08b09?pvs=21),"Black (https://app.notion.com/p/Black-385f1559c99b81159969d6f2ba866779?pvs=21), Red (https://app.notion.com/p/Red-385f1559c99b81ad809afb2dead490e9?pvs=21)",,
Haste,"Haste — Grant, permanent (https://app.notion.com/p/Haste-Grant-permanent-386f1559c99b819fb071e52e3e0c5974?pvs=21), Haste — Grant, temporary (https://app.notion.com/p/Haste-Grant-temporary-386f1559c99b8101ade5f3dca1aaf373?pvs=21), Haste — Remove, permanent (https://app.notion.com/p/Haste-Remove-permanent-386f1559c99b8129a187c1fc9f7c675d?pvs=21), Haste — Remove, temporary (https://app.notion.com/p/Haste-Remove-temporary-386f1559c99b812cb118cd93d1d43213?pvs=21), Haste — Has, permanent (https://app.notion.com/p/Haste-Has-permanent-385f1559c99b8139ae01f14ca4cecb9c?pvs=21)",Red (https://app.notion.com/p/Red-385f1559c99b81ad809afb2dead490e9?pvs=21),"Green (https://app.notion.com/p/Green-385f1559c99b81ad8180d89fdd7dc9cf?pvs=21), Black (https://app.notion.com/p/Black-385f1559c99b81159969d6f2ba866779?pvs=21)",
Hexproof,"Hexproof — Grant, permanent (https://app.notion.com/p/Hexproof-Grant-permanent-386f1559c99b81b89421df7b021a1567?pvs=21), Hexproof — Grant, temporary (https://app.notion.com/p/Hexproof-Grant-temporary-386f1559c99b81448346f38e36eb14b5?pvs=21), Hexproof — Remove, permanent (https://app.notion.com/p/Hexproof-Remove-permanent-386f1559c99b819db5fce04dece0db13?pvs=21), Hexproof — Remove, temporary (https://app.notion.com/p/Hexproof-Remove-temporary-386f1559c99b8170a69eca19d6cf8c9a?pvs=21), Hexproof — Has, permanent (https://app.notion.com/p/Hexproof-Has-permanent-385f1559c99b813e965fdc5337a096f6?pvs=21)",Blue (https://app.notion.com/p/Blue-385f1559c99b81ad8f01d3f8ad7be42e?pvs=21),Green (https://app.notion.com/p/Green-385f1559c99b81ad8180d89fdd7dc9cf?pvs=21),White (https://app.notion.com/p/White-385f1559c99b814186a1e434ab788b13?pvs=21)
Creature pumping — +N/-N (Auras),Creature pumping — +N/-N (Auras) (https://app.notion.com/p/Creature-pumping-N-N-Auras-385f1559c99b8165bc74e7f771108dcf?pvs=21),Black (https://app.notion.com/p/Black-385f1559c99b81159969d6f2ba866779?pvs=21),Red (https://app.notion.com/p/Red-385f1559c99b81ad809afb2dead490e9?pvs=21),
Damage prevention,"Damage prevention — Targeted (https://app.notion.com/p/Damage-prevention-Targeted-385f1559c99b81b78155e43e67d020ab?pvs=21), Damage prevention — All combat (https://app.notion.com/p/Damage-prevention-All-combat-386f1559c99b813b884bd1b263f0b362?pvs=21)",White (https://app.notion.com/p/White-385f1559c99b814186a1e434ab788b13?pvs=21),,
Creature pumping — -N/-0 (spells),Creature pumping — -N/-0 (spells) (https://app.notion.com/p/Creature-pumping-N-0-spells-385f1559c99b811bb22ffdc4ed7dfd5c?pvs=21),Blue (https://app.notion.com/p/Blue-385f1559c99b81ad8f01d3f8ad7be42e?pvs=21),Black (https://app.notion.com/p/Black-385f1559c99b81159969d6f2ba866779?pvs=21),
Creature pumping — -N/+N (creatures),Creature pumping — -N/+N (creatures) (https://app.notion.com/p/Creature-pumping-N-N-creatures-385f1559c99b81a0ba2be2451d38a997?pvs=21),Blue (https://app.notion.com/p/Blue-385f1559c99b81ad8f01d3f8ad7be42e?pvs=21),,White (https://app.notion.com/p/White-385f1559c99b814186a1e434ab788b13?pvs=21)
Animating Enchantments,Animating Enchantments (https://app.notion.com/p/Animating-Enchantments-385f1559c99b812896acf55d5eb4b636?pvs=21),White (https://app.notion.com/p/White-385f1559c99b814186a1e434ab788b13?pvs=21),Blue (https://app.notion.com/p/Blue-385f1559c99b81ad8f01d3f8ad7be42e?pvs=21),
Counter target activated/triggered ability,Counter target activated/triggered ability (https://app.notion.com/p/Counter-target-activated-triggered-ability-385f1559c99b8101b282decfe2ceada7?pvs=21),Blue (https://app.notion.com/p/Blue-385f1559c99b81ad8f01d3f8ad7be42e?pvs=21),,Green (https://app.notion.com/p/Green-385f1559c99b81ad8180d89fdd7dc9cf?pvs=21)
"""Daunt""","""Daunt"" (https://app.notion.com/p/Daunt-385f1559c99b8168bba2c0248ea5f3f0?pvs=21)",Green (https://app.notion.com/p/Green-385f1559c99b81ad8180d89fdd7dc9cf?pvs=21),,
"""Bite""","""Bite"" (https://app.notion.com/p/Bite-385f1559c99b81eb9a68c2d7ca9148b9?pvs=21)",Green (https://app.notion.com/p/Green-385f1559c99b81ad8180d89fdd7dc9cf?pvs=21),Red (https://app.notion.com/p/Red-385f1559c99b81ad809afb2dead490e9?pvs=21),
Creature pumping — +N/+0 (spells),Creature pumping — +N/+0 (spells) (https://app.notion.com/p/Creature-pumping-N-0-spells-385f1559c99b81bab483da4e3bfa4fa2?pvs=21),"Black (https://app.notion.com/p/Black-385f1559c99b81159969d6f2ba866779?pvs=21), Red (https://app.notion.com/p/Red-385f1559c99b81ad809afb2dead490e9?pvs=21)",White (https://app.notion.com/p/White-385f1559c99b814186a1e434ab788b13?pvs=21),
Creature pumping — +0/+N (spells),Creature pumping — +0/+N (spells) (https://app.notion.com/p/Creature-pumping-0-N-spells-385f1559c99b819faa5cd0e52858c625?pvs=21),White (https://app.notion.com/p/White-385f1559c99b814186a1e434ab788b13?pvs=21),Green (https://app.notion.com/p/Green-385f1559c99b81ad8180d89fdd7dc9cf?pvs=21),
Can't be attacked,Can't be attacked (https://app.notion.com/p/Can-t-be-attacked-385f1559c99b81039ab2e6f3d2fbf49a?pvs=21),White (https://app.notion.com/p/White-385f1559c99b814186a1e434ab788b13?pvs=21),,
Double strike,"Double strike — Grant, permanent (https://app.notion.com/p/Double-strike-Grant-permanent-386f1559c99b8182b953df004f7002bf?pvs=21), Double strike — Grant, temporary (https://app.notion.com/p/Double-strike-Grant-temporary-386f1559c99b81b48c34e6bdb2cbb862?pvs=21), Double strike — Remove, permanent (https://app.notion.com/p/Double-strike-Remove-permanent-386f1559c99b815dbe65e3df683c393a?pvs=21), Double strike — Remove, temporary (https://app.notion.com/p/Double-strike-Remove-temporary-386f1559c99b817984f5f769d445a970?pvs=21), Double strike — Has, permanent (https://app.notion.com/p/Double-strike-Has-permanent-385f1559c99b812b9ab6cdb02a64af92?pvs=21)","White (https://app.notion.com/p/White-385f1559c99b814186a1e434ab788b13?pvs=21), Red (https://app.notion.com/p/Red-385f1559c99b81ad809afb2dead490e9?pvs=21)",,
Bring back creatures that died this turn,Bring back creatures that died this turn (https://app.notion.com/p/Bring-back-creatures-that-died-this-turn-385f1559c99b81b499f1f33142f7e100?pvs=21),White (https://app.notion.com/p/White-385f1559c99b814186a1e434ab788b13?pvs=21),,
Defender,"Defender — Grant, permanent (https://app.notion.com/p/Defender-Grant-permanent-386f1559c99b818ba1a4f846609907af?pvs=21), Defender — Grant, temporary (https://app.notion.com/p/Defender-Grant-temporary-386f1559c99b819283c7facb948ab287?pvs=21), Defender — Remove, permanent (https://app.notion.com/p/Defender-Remove-permanent-386f1559c99b81dc9469da81c60e1531?pvs=21), Defender — Remove, temporary (https://app.notion.com/p/Defender-Remove-temporary-386f1559c99b815baf77e089e83b684c?pvs=21), Defender — Has, permanent (https://app.notion.com/p/Defender-Has-permanent-385f1559c99b81d3b240f4e3762a0fa5?pvs=21)","White (https://app.notion.com/p/White-385f1559c99b814186a1e434ab788b13?pvs=21), Blue (https://app.notion.com/p/Blue-385f1559c99b81ad8f01d3f8ad7be42e?pvs=21)","Black (https://app.notion.com/p/Black-385f1559c99b81159969d6f2ba866779?pvs=21), Red (https://app.notion.com/p/Red-385f1559c99b81ad809afb2dead490e9?pvs=21), Green (https://app.notion.com/p/Green-385f1559c99b81ad8180d89fdd7dc9cf?pvs=21)",
Creature pumping — +N/+0 (Auras),Creature pumping — +N/+0 (Auras) (https://app.notion.com/p/Creature-pumping-N-0-Auras-385f1559c99b819e815de34be4365132?pvs=21),Red (https://app.notion.com/p/Red-385f1559c99b81ad809afb2dead490e9?pvs=21),"White (https://app.notion.com/p/White-385f1559c99b814186a1e434ab788b13?pvs=21), Black (https://app.notion.com/p/Black-385f1559c99b81159969d6f2ba866779?pvs=21)","Blue (https://app.notion.com/p/Blue-385f1559c99b81ad8f01d3f8ad7be42e?pvs=21), Green (https://app.notion.com/p/Green-385f1559c99b81ad8180d89fdd7dc9cf?pvs=21)"
"""Curiosity""","""Curiosity"" (https://app.notion.com/p/Curiosity-385f1559c99b81ed9f6fc4c6089c79d3?pvs=21)",Blue (https://app.notion.com/p/Blue-385f1559c99b81ad8f01d3f8ad7be42e?pvs=21),Green (https://app.notion.com/p/Green-385f1559c99b81ad8180d89fdd7dc9cf?pvs=21),
"""Devil's Deal"" permanents","""Devil's Deal"" permanents (https://app.notion.com/p/Devil-s-Deal-permanents-385f1559c99b8187ad2ec413278440e5?pvs=21)",Black (https://app.notion.com/p/Black-385f1559c99b81159969d6f2ba866779?pvs=21),,
Creature destruction — Destroy creature with flying,Creature destruction — Destroy creature with flying (https://app.notion.com/p/Creature-destruction-Destroy-creature-with-flying-385f1559c99b81bd82f4cb7f482cc155?pvs=21),Green (https://app.notion.com/p/Green-385f1559c99b81ad8180d89fdd7dc9cf?pvs=21),,
Can't be countered,Can't be countered (https://app.notion.com/p/Can-t-be-countered-385f1559c99b813185daf303b94d6637?pvs=21),"Red (https://app.notion.com/p/Red-385f1559c99b81ad809afb2dead490e9?pvs=21), Green (https://app.notion.com/p/Green-385f1559c99b81ad8180d89fdd7dc9cf?pvs=21)",Blue (https://app.notion.com/p/Blue-385f1559c99b81ad8f01d3f8ad7be42e?pvs=21),
"Team pump, one-shot — +N/+N your team","Team pump, one-shot — +N/+N your team (https://app.notion.com/p/Team-pump-one-shot-N-N-your-team-385f1559c99b814eaf15f65377c66144?pvs=21)",White (https://app.notion.com/p/White-385f1559c99b814186a1e434ab788b13?pvs=21),Green (https://app.notion.com/p/Green-385f1559c99b81ad8180d89fdd7dc9cf?pvs=21),
Artifact destruction,Artifact destruction (https://app.notion.com/p/Artifact-destruction-385f1559c99b81eeb4a0f1a0eb441e54?pvs=21),"Red (https://app.notion.com/p/Red-385f1559c99b81ad809afb2dead490e9?pvs=21), Green (https://app.notion.com/p/Green-385f1559c99b81ad8180d89fdd7dc9cf?pvs=21)",White (https://app.notion.com/p/White-385f1559c99b814186a1e434ab788b13?pvs=21),
Banisher Priest–like effect,Banisher Priest–like effect (https://app.notion.com/p/Banisher-Priest-like-effect-385f1559c99b81a298c8fc035a208d66?pvs=21),White (https://app.notion.com/p/White-385f1559c99b814186a1e434ab788b13?pvs=21),,
Discard as a cost,Discard as a cost (https://app.notion.com/p/Discard-as-a-cost-385f1559c99b8148936fe277bc787aae?pvs=21),Black (https://app.notion.com/p/Black-385f1559c99b81159969d6f2ba866779?pvs=21),Red (https://app.notion.com/p/Red-385f1559c99b81ad809afb2dead490e9?pvs=21),"White (https://app.notion.com/p/White-385f1559c99b814186a1e434ab788b13?pvs=21), Blue (https://app.notion.com/p/Blue-385f1559c99b81ad8f01d3f8ad7be42e?pvs=21), Green (https://app.notion.com/p/Green-385f1559c99b81ad8180d89fdd7dc9cf?pvs=21)"
"Direct damage, single target","Direct damage, single target — Any target (https://app.notion.com/p/Direct-damage-single-target-Any-target-385f1559c99b81d9a888ece8ee5101a8?pvs=21), Direct damage, single target — Creature-only (https://app.notion.com/p/Direct-damage-single-target-Creature-only-386f1559c99b8100a842ff1d3a146564?pvs=21)",Red (https://app.notion.com/p/Red-385f1559c99b81ad809afb2dead490e9?pvs=21),"White (https://app.notion.com/p/White-385f1559c99b814186a1e434ab788b13?pvs=21), Black (https://app.notion.com/p/Black-385f1559c99b81159969d6f2ba866779?pvs=21)",
Creature pumping — +N/-N (creatures),Creature pumping — +N/-N (creatures) (https://app.notion.com/p/Creature-pumping-N-N-creatures-385f1559c99b8115a1a4e38700c4c8fe?pvs=21),Blue (https://app.notion.com/p/Blue-385f1559c99b81ad8f01d3f8ad7be42e?pvs=21),"Black (https://app.notion.com/p/Black-385f1559c99b81159969d6f2ba866779?pvs=21), Red (https://app.notion.com/p/Red-385f1559c99b81ad809afb2dead490e9?pvs=21)",
Can't win / opponent can't lose,Can't win / opponent can't lose (https://app.notion.com/p/Can-t-win-opponent-can-t-lose-385f1559c99b8120be2de4754145a67c?pvs=21),Black (https://app.notion.com/p/Black-385f1559c99b81159969d6f2ba866779?pvs=21),,
Card draw,"Card draw — Pure (https://app.notion.com/p/Card-draw-Pure-385f1559c99b81f59a34d23e9dbe642a?pvs=21), Card draw — Pay life (https://app.notion.com/p/Card-draw-Pay-life-386f1559c99b8135b716ddfe26e7e858?pvs=21), Card draw — Off creatures/board (https://app.notion.com/p/Card-draw-Off-creatures-board-386f1559c99b817fb1b9cd397b4e1542?pvs=21)",Blue (https://app.notion.com/p/Blue-385f1559c99b81ad8f01d3f8ad7be42e?pvs=21),"Black (https://app.notion.com/p/Black-385f1559c99b81159969d6f2ba866779?pvs=21), Green (https://app.notion.com/p/Green-385f1559c99b81ad8180d89fdd7dc9cf?pvs=21)","White (https://app.notion.com/p/White-385f1559c99b814186a1e434ab788b13?pvs=21), Red (https://app.notion.com/p/Red-385f1559c99b81ad809afb2dead490e9?pvs=21)"
Cast spells from your graveyard,Cast spells from your graveyard (https://app.notion.com/p/Cast-spells-from-your-graveyard-385f1559c99b81919390eaf5be583d07?pvs=21),Black (https://app.notion.com/p/Black-385f1559c99b81159969d6f2ba866779?pvs=21),"Blue (https://app.notion.com/p/Blue-385f1559c99b81ad8f01d3f8ad7be42e?pvs=21), Red (https://app.notion.com/p/Red-385f1559c99b81ad809afb2dead490e9?pvs=21)","White (https://app.notion.com/p/White-385f1559c99b814186a1e434ab788b13?pvs=21), Green (https://app.notion.com/p/Green-385f1559c99b81ad8180d89fdd7dc9cf?pvs=21)"
Can't block,Can't block (https://app.notion.com/p/Can-t-block-385f1559c99b8132a07cc097663088b2?pvs=21),"Black (https://app.notion.com/p/Black-385f1559c99b81159969d6f2ba866779?pvs=21), Red (https://app.notion.com/p/Red-385f1559c99b81ad809afb2dead490e9?pvs=21)",,
Creature destruction — Destroy target tapped creature,Creature destruction — Destroy target tapped creature (https://app.notion.com/p/Creature-destruction-Destroy-target-tapped-creature-385f1559c99b81c480ffdda462d430c6?pvs=21),White (https://app.notion.com/p/White-385f1559c99b814186a1e434ab788b13?pvs=21),Black (https://app.notion.com/p/Black-385f1559c99b81159969d6f2ba866779?pvs=21),
Creature destruction — Destroy creature with power 3+,Creature destruction — Destroy creature with power 3+ (https://app.notion.com/p/Creature-destruction-Destroy-creature-with-power-3-385f1559c99b81de9c92c776c51ed1d2?pvs=21),White (https://app.notion.com/p/White-385f1559c99b814186a1e434ab788b13?pvs=21),,
Can't lose / opponent can't win,Can't lose / opponent can't win (https://app.notion.com/p/Can-t-lose-opponent-can-t-win-385f1559c99b8135b49cd595f920d556?pvs=21),White (https://app.notion.com/p/White-385f1559c99b814186a1e434ab788b13?pvs=21),,
"Copying permanents, temporarily","Copying permanents, temporarily (https://app.notion.com/p/Copying-permanents-temporarily-385f1559c99b8197a4b1d6eeed8ef593?pvs=21)",Red (https://app.notion.com/p/Red-385f1559c99b81ad809afb2dead490e9?pvs=21),Blue (https://app.notion.com/p/Blue-385f1559c99b81ad8f01d3f8ad7be42e?pvs=21),
Creature destruction — Destroy creature that damaged you this turn,Creature destruction — Destroy creature that damaged you this turn (https://app.notion.com/p/Creature-destruction-Destroy-creature-that-damaged-you-this-turn-385f1559c99b81bc89caec48d7dec4f0?pvs=21),White (https://app.notion.com/p/White-385f1559c99b814186a1e434ab788b13?pvs=21),,
"Creature sacrifice, forced, repeatable","Creature sacrifice, forced, repeatable (https://app.notion.com/p/Creature-sacrifice-forced-repeatable-385f1559c99b81f6bbdff6804001566b?pvs=21)",Black (https://app.notion.com/p/Black-385f1559c99b81159969d6f2ba866779?pvs=21),,
"Direct damage, multiple targets","Direct damage, multiple targets (https://app.notion.com/p/Direct-damage-multiple-targets-385f1559c99b816eb596f1b90c465f42?pvs=21)",Red (https://app.notion.com/p/Red-385f1559c99b81ad809afb2dead490e9?pvs=21),White (https://app.notion.com/p/White-385f1559c99b814186a1e434ab788b13?pvs=21),
Mass removal — Destroy all creatures,Mass removal — Destroy all creatures (https://app.notion.com/p/Mass-removal-Destroy-all-creatures-385f1559c99b814f99acc949a6dc19b3?pvs=21),White (https://app.notion.com/p/White-385f1559c99b814186a1e434ab788b13?pvs=21),Black (https://app.notion.com/p/Black-385f1559c99b81159969d6f2ba866779?pvs=21),
Changing lands,Changing lands (https://app.notion.com/p/Changing-lands-385f1559c99b812d851bc39a0227776f?pvs=21),Blue (https://app.notion.com/p/Blue-385f1559c99b81ad8f01d3f8ad7be42e?pvs=21),,
Creature pumping — +N/+0 (creatures),Creature pumping — +N/+0 (creatures) (https://app.notion.com/p/Creature-pumping-N-0-creatures-385f1559c99b8190bd40d742c52fd331?pvs=21),Red (https://app.notion.com/p/Red-385f1559c99b81ad809afb2dead490e9?pvs=21),"White (https://app.notion.com/p/White-385f1559c99b814186a1e434ab788b13?pvs=21), Green (https://app.notion.com/p/Green-385f1559c99b81ad8180d89fdd7dc9cf?pvs=21)",
"Team pump, ongoing — +N/+0 your team","Team pump, ongoing — +N/+0 your team (https://app.notion.com/p/Team-pump-ongoing-N-0-your-team-385f1559c99b81de81d0d6d1545331a2?pvs=21)",Red (https://app.notion.com/p/Red-385f1559c99b81ad809afb2dead490e9?pvs=21),,Black (https://app.notion.com/p/Black-385f1559c99b81159969d6f2ba866779?pvs=21)
Cast spells from opponent's graveyard/exile,Cast spells from opponent's graveyard/exile (https://app.notion.com/p/Cast-spells-from-opponent-s-graveyard-exile-385f1559c99b81eb8d6df479f6812a51?pvs=21),"Blue (https://app.notion.com/p/Blue-385f1559c99b81ad8f01d3f8ad7be42e?pvs=21), Black (https://app.notion.com/p/Black-385f1559c99b81159969d6f2ba866779?pvs=21)",,
Creature destruction — Destroy target creature,Creature destruction — Destroy target creature (https://app.notion.com/p/Creature-destruction-Destroy-target-creature-385f1559c99b819b95d6db810eea6f64?pvs=21),Black (https://app.notion.com/p/Black-385f1559c99b81159969d6f2ba866779?pvs=21),White (https://app.notion.com/p/White-385f1559c99b814186a1e434ab788b13?pvs=21),
"Creature pumping — +N/+N (creatures, single use)","Creature pumping — +N/+N (creatures, single use) (https://app.notion.com/p/Creature-pumping-N-N-creatures-single-use-385f1559c99b81dd9277d20f7211739a?pvs=21)",Green (https://app.notion.com/p/Green-385f1559c99b81ad8180d89fdd7dc9cf?pvs=21),,
Creature pumping — +N/+N (creatures),Creature pumping — +N/+N (creatures) (https://app.notion.com/p/Creature-pumping-N-N-creatures-385f1559c99b811981a1dbc61d8fa976?pvs=21),Black (https://app.notion.com/p/Black-385f1559c99b81159969d6f2ba866779?pvs=21),Green (https://app.notion.com/p/Green-385f1559c99b81ad8180d89fdd7dc9cf?pvs=21),
Discard as effect,"Discard as effect — Targeted (https://app.notion.com/p/Discard-as-effect-Targeted-385f1559c99b81548eb2d9a963ebc3dc?pvs=21), Discard as effect — Random (https://app.notion.com/p/Discard-as-effect-Random-386f1559c99b8142a7f2e38b1334e053?pvs=21), Discard as effect — Each player (https://app.notion.com/p/Discard-as-effect-Each-player-386f1559c99b814c97d0d0edb3547c42?pvs=21)",Black (https://app.notion.com/p/Black-385f1559c99b81159969d6f2ba866779?pvs=21),,
Deathtouch,"Deathtouch — Grant, permanent (https://app.notion.com/p/Deathtouch-Grant-permanent-386f1559c99b81e1b22ae4ea738f3566?pvs=21), Deathtouch — Grant, temporary (https://app.notion.com/p/Deathtouch-Grant-temporary-386f1559c99b81a88ea0d087e7ebe408?pvs=21), Deathtouch — Remove, permanent (https://app.notion.com/p/Deathtouch-Remove-permanent-386f1559c99b81d2b3d6ca6a12e8507d?pvs=21), Deathtouch — Remove, temporary (https://app.notion.com/p/Deathtouch-Remove-temporary-386f1559c99b81d9ab61d666f8458c43?pvs=21), Deathtouch — Has, permanent (https://app.notion.com/p/Deathtouch-Has-permanent-385f1559c99b81abb392feb2c05e1b06?pvs=21)",Black (https://app.notion.com/p/Black-385f1559c99b81159969d6f2ba866779?pvs=21),Green (https://app.notion.com/p/Green-385f1559c99b81ad8180d89fdd7dc9cf?pvs=21),
Animating artifacts,Animating artifacts (https://app.notion.com/p/Animating-artifacts-385f1559c99b8160a686cc6501f20b65?pvs=21),Blue (https://app.notion.com/p/Blue-385f1559c99b81ad8f01d3f8ad7be42e?pvs=21),Green (https://app.notion.com/p/Green-385f1559c99b81ad8180d89fdd7dc9cf?pvs=21),
Creature pumping — +0/+N (Auras),Creature pumping — +0/+N (Auras) (https://app.notion.com/p/Creature-pumping-0-N-Auras-385f1559c99b81689652f6d69547a825?pvs=21),White (https://app.notion.com/p/White-385f1559c99b814186a1e434ab788b13?pvs=21),"Blue (https://app.notion.com/p/Blue-385f1559c99b81ad8f01d3f8ad7be42e?pvs=21), Green (https://app.notion.com/p/Green-385f1559c99b81ad8180d89fdd7dc9cf?pvs=21)",
Counterspell,"Counterspell — Hard counter (https://app.notion.com/p/Counterspell-Hard-counter-385f1559c99b8128aa48e3322c088a74?pvs=21), Counterspell — Counter unless pay (https://app.notion.com/p/Counterspell-Counter-unless-pay-386f1559c99b816ab4f3f22d4433710a?pvs=21), Counterspell — Counter a specific type (https://app.notion.com/p/Counterspell-Counter-a-specific-type-386f1559c99b81d39440d2d94375f069?pvs=21)",Blue (https://app.notion.com/p/Blue-385f1559c99b81ad8f01d3f8ad7be42e?pvs=21),,White (https://app.notion.com/p/White-385f1559c99b814186a1e434ab788b13?pvs=21)
Return to library,Return to library (https://app.notion.com/p/Return-to-library-385f1559c99b81198dacc421d1eb4c55?pvs=21),Blue (https://app.notion.com/p/Blue-385f1559c99b81ad8f01d3f8ad7be42e?pvs=21),,
Card filtering,Card filtering (https://app.notion.com/p/Card-filtering-385f1559c99b81a0adbcfa66d0fad3b2?pvs=21),"Blue (https://app.notion.com/p/Blue-385f1559c99b81ad8f01d3f8ad7be42e?pvs=21), Green (https://app.notion.com/p/Green-385f1559c99b81ad8180d89fdd7dc9cf?pvs=21)",,
Creature pumping — +N/+N (spells),Creature pumping — +N/+N (spells) (https://app.notion.com/p/Creature-pumping-N-N-spells-385f1559c99b8141af7cc291e66bbb64?pvs=21),"White (https://app.notion.com/p/White-385f1559c99b814186a1e434ab788b13?pvs=21), Green (https://app.notion.com/p/Green-385f1559c99b81ad8180d89fdd7dc9cf?pvs=21)","Black (https://app.notion.com/p/Black-385f1559c99b81159969d6f2ba866779?pvs=21), Red (https://app.notion.com/p/Red-385f1559c99b81ad809afb2dead490e9?pvs=21)",
Creature destruction — Destroy target attacking/blocking creature,Creature destruction — Destroy target attacking/blocking creature (https://app.notion.com/p/Creature-destruction-Destroy-target-attacking-blocking-creature-385f1559c99b8158949beab071c2f3ec?pvs=21),White (https://app.notion.com/p/White-385f1559c99b814186a1e434ab788b13?pvs=21),,
Can't be blocked,Can't be blocked (https://app.notion.com/p/Can-t-be-blocked-385f1559c99b8188a69fefd3227f56f5?pvs=21),Blue (https://app.notion.com/p/Blue-385f1559c99b81ad8f01d3f8ad7be42e?pvs=21),,
"Team debuff, one-shot — -N/-N their team","Team debuff, one-shot — -N/-N their team (https://app.notion.com/p/Team-debuff-one-shot-N-N-their-team-385f1559c99b813e8f2bcab0b4b07a39?pvs=21)",Black (https://app.notion.com/p/Black-385f1559c99b81159969d6f2ba866779?pvs=21),,
"Team debuff, one-shot — -N/-0 their team","Team debuff, one-shot — -N/-0 their team (https://app.notion.com/p/Team-debuff-one-shot-N-0-their-team-385f1559c99b81919a35ef0c67df0541?pvs=21)",Blue (https://app.notion.com/p/Blue-385f1559c99b81ad8f01d3f8ad7be42e?pvs=21),,
Deal damage when blocked,Deal damage when blocked (https://app.notion.com/p/Deal-damage-when-blocked-385f1559c99b81d9a2b2debc90c28b14?pvs=21),Red (https://app.notion.com/p/Red-385f1559c99b81ad809afb2dead490e9?pvs=21),Black (https://app.notion.com/p/Black-385f1559c99b81159969d6f2ba866779?pvs=21),Blue (https://app.notion.com/p/Blue-385f1559c99b81ad8f01d3f8ad7be42e?pvs=21)
Damage redirection,Damage redirection (https://app.notion.com/p/Damage-redirection-385f1559c99b813eaaf6f1b1d72c7ab5?pvs=21),White (https://app.notion.com/p/White-385f1559c99b814186a1e434ab788b13?pvs=21),,
Creature pumping — +N/+N (Auras),Creature pumping — +N/+N (Auras) (https://app.notion.com/p/Creature-pumping-N-N-Auras-385f1559c99b81009964c3ad3b5a4fde?pvs=21),"White (https://app.notion.com/p/White-385f1559c99b814186a1e434ab788b13?pvs=21), Green (https://app.notion.com/p/Green-385f1559c99b81ad8180d89fdd7dc9cf?pvs=21)","Blue (https://app.notion.com/p/Blue-385f1559c99b81ad8f01d3f8ad7be42e?pvs=21), Black (https://app.notion.com/p/Black-385f1559c99b81159969d6f2ba866779?pvs=21), Red (https://app.notion.com/p/Red-385f1559c99b81ad809afb2dead490e9?pvs=21)",
Creature pumping — +N/-N (spells),Creature pumping — +N/-N (spells) (https://app.notion.com/p/Creature-pumping-N-N-spells-385f1559c99b815cb833fd5c2d096f9e?pvs=21),Black (https://app.notion.com/p/Black-385f1559c99b81159969d6f2ba866779?pvs=21),,
"Copying permanents, permanently","Copying permanents, permanently (https://app.notion.com/p/Copying-permanents-permanently-385f1559c99b8143a366f944fb3e186f?pvs=21)",Blue (https://app.notion.com/p/Blue-385f1559c99b81ad8f01d3f8ad7be42e?pvs=21),,
Creature pumping — -N/-N (spells),Creature pumping — -N/-N (spells) (https://app.notion.com/p/Creature-pumping-N-N-spells-385f1559c99b811c9ebded19f2af6113?pvs=21),Black (https://app.notion.com/p/Black-385f1559c99b81159969d6f2ba866779?pvs=21),,"White (https://app.notion.com/p/White-385f1559c99b814186a1e434ab788b13?pvs=21), Blue (https://app.notion.com/p/Blue-385f1559c99b81ad8f01d3f8ad7be42e?pvs=21), Red (https://app.notion.com/p/Red-385f1559c99b81ad809afb2dead490e9?pvs=21), Green (https://app.notion.com/p/Green-385f1559c99b81ad8180d89fdd7dc9cf?pvs=21)"
Animating lands,Animating lands (https://app.notion.com/p/Animating-lands-385f1559c99b813cae75c8b4ef539a3b?pvs=21),Green (https://app.notion.com/p/Green-385f1559c99b81ad8180d89fdd7dc9cf?pvs=21),Red (https://app.notion.com/p/Red-385f1559c99b81ad809afb2dead490e9?pvs=21),"White (https://app.notion.com/p/White-385f1559c99b814186a1e434ab788b13?pvs=21), Blue (https://app.notion.com/p/Blue-385f1559c99b81ad8f01d3f8ad7be42e?pvs=21), Black (https://app.notion.com/p/Black-385f1559c99b81159969d6f2ba866779?pvs=21)"
Basic land counting,Basic land counting (https://app.notion.com/p/Basic-land-counting-385f1559c99b81e68630e4d9e38a4dff?pvs=21),Red (https://app.notion.com/p/Red-385f1559c99b81ad809afb2dead490e9?pvs=21),"Black (https://app.notion.com/p/Black-385f1559c99b81159969d6f2ba866779?pvs=21), Green (https://app.notion.com/p/Green-385f1559c99b81ad8180d89fdd7dc9cf?pvs=21)","White (https://app.notion.com/p/White-385f1559c99b814186a1e434ab788b13?pvs=21), Blue (https://app.notion.com/p/Blue-385f1559c99b81ad8f01d3f8ad7be42e?pvs=21)"
Creature pumping — -N/-N (creatures),Creature pumping — -N/-N (creatures) (https://app.notion.com/p/Creature-pumping-N-N-creatures-385f1559c99b814b9b7be47106fe3fa4?pvs=21),Black (https://app.notion.com/p/Black-385f1559c99b81159969d6f2ba866779?pvs=21),,
Creature pumping — -N/-N (Auras),Creature pumping — -N/-N (Auras) (https://app.notion.com/p/Creature-pumping-N-N-Auras-385f1559c99b81b4864af76aff177cb6?pvs=21),Black (https://app.notion.com/p/Black-385f1559c99b81159969d6f2ba866779?pvs=21),,
Mass removal — Destroy all creatures one player controls,Mass removal — Destroy all creatures one player controls (https://app.notion.com/p/Mass-removal-Destroy-all-creatures-one-player-controls-385f1559c99b817da079d58352c3b454?pvs=21),Black (https://app.notion.com/p/Black-385f1559c99b81159969d6f2ba866779?pvs=21),,
"Team debuff, ongoing — -N/-N their team","Team debuff, ongoing — -N/-N their team (https://app.notion.com/p/Team-debuff-ongoing-N-N-their-team-385f1559c99b816399aefeb39b1a15d2?pvs=21)",Black (https://app.notion.com/p/Black-385f1559c99b81159969d6f2ba866779?pvs=21),,
"Team pump, one-shot — +N/+0 your team","Team pump, one-shot — +N/+0 your team (https://app.notion.com/p/Team-pump-one-shot-N-0-your-team-385f1559c99b811b9dafc8c1786adf9d?pvs=21)",Red (https://app.notion.com/p/Red-385f1559c99b81ad809afb2dead490e9?pvs=21),White (https://app.notion.com/p/White-385f1559c99b814186a1e434ab788b13?pvs=21),
Creature pumping — -N/-0 (Auras),Creature pumping — -N/-0 (Auras) (https://app.notion.com/p/Creature-pumping-N-0-Auras-385f1559c99b812f94dcee526324ff05?pvs=21),Blue (https://app.notion.com/p/Blue-385f1559c99b81ad8f01d3f8ad7be42e?pvs=21),Black (https://app.notion.com/p/Black-385f1559c99b81159969d6f2ba866779?pvs=21),
Color changing,"Color changing — Permanent (https://app.notion.com/p/Color-changing-Permanent-385f1559c99b81dc94e6dc2d4ef4168f?pvs=21), Color changing — Temporary (https://app.notion.com/p/Color-changing-Temporary-386f1559c99b817bbe96f9049c2b307c?pvs=21)",Blue (https://app.notion.com/p/Blue-385f1559c99b81ad8f01d3f8ad7be42e?pvs=21),Green (https://app.notion.com/p/Green-385f1559c99b81ad8180d89fdd7dc9cf?pvs=21),"White (https://app.notion.com/p/White-385f1559c99b814186a1e434ab788b13?pvs=21), Black (https://app.notion.com/p/Black-385f1559c99b81159969d6f2ba866779?pvs=21)"
"Team pump, ongoing — +N/+N your team","Team pump, ongoing — +N/+N your team (https://app.notion.com/p/Team-pump-ongoing-N-N-your-team-385f1559c99b8131959cccc217964367?pvs=21)",White (https://app.notion.com/p/White-385f1559c99b814186a1e434ab788b13?pvs=21),Green (https://app.notion.com/p/Green-385f1559c99b81ad8180d89fdd7dc9cf?pvs=21),"Blue (https://app.notion.com/p/Blue-385f1559c99b81ad8f01d3f8ad7be42e?pvs=21), Black (https://app.notion.com/p/Black-385f1559c99b81159969d6f2ba866779?pvs=21), Red (https://app.notion.com/p/Red-385f1559c99b81ad809afb2dead490e9?pvs=21)"
Creature pumping — +0/+N (creatures),Creature pumping — +0/+N (creatures) (https://app.notion.com/p/Creature-pumping-0-N-creatures-385f1559c99b816a87c2d27e2c418c32?pvs=21),White (https://app.notion.com/p/White-385f1559c99b814186a1e434ab788b13?pvs=21),Green (https://app.notion.com/p/Green-385f1559c99b81ad8180d89fdd7dc9cf?pvs=21),
Mass removal — Destroy all creatures with power 3+,Mass removal — Destroy all creatures with power 3+ (https://app.notion.com/p/Mass-removal-Destroy-all-creatures-with-power-3-385f1559c99b819fb01ded3897eeb228?pvs=21),White (https://app.notion.com/p/White-385f1559c99b814186a1e434ab788b13?pvs=21),,
+1/+1 counter (creation and caring),+1/+1 counter (creation and caring) (https://app.notion.com/p/1-1-counter-creation-and-caring-385f1559c99b81ffb0f8f696ee0b04ac?pvs=21),"White (https://app.notion.com/p/White-385f1559c99b814186a1e434ab788b13?pvs=21), Green (https://app.notion.com/p/Green-385f1559c99b81ad8180d89fdd7dc9cf?pvs=21)",Black (https://app.notion.com/p/Black-385f1559c99b81159969d6f2ba866779?pvs=21),"Blue (https://app.notion.com/p/Blue-385f1559c99b81ad8f01d3f8ad7be42e?pvs=21), Red (https://app.notion.com/p/Red-385f1559c99b81ad809afb2dead490e9?pvs=21)"
"""Drain life""","""Drain life"" (https://app.notion.com/p/Drain-life-385f1559c99b8104b190e7356dcd51dd?pvs=21)",Black (https://app.notion.com/p/Black-385f1559c99b81159969d6f2ba866779?pvs=21),,White (https://app.notion.com/p/White-385f1559c99b814186a1e434ab788b13?pvs=21)
"Creature destruction — Destroy target creature, controller compensated","Creature destruction — Destroy target creature, controller compensated (https://app.notion.com/p/Creature-destruction-Destroy-target-creature-controller-compensated-385f1559c99b8195b862e539f3943b11?pvs=21)",White (https://app.notion.com/p/White-385f1559c99b814186a1e434ab788b13?pvs=21),,